id,title,category,brand,modelno,price
25,hp ce278a black laserjet print cartridge,printers,hp,hp ce278a,69.84
101,case logic slr camera backpack,mp3 accessories,case logic,dcb-309black,79.99
107,targus 17 groove backpack for laptops black,electronics - general,targus,cvr617,37.88
121,belkin 16 circuit quilted laptop sleeve black,electronics - general,belkin,f8n296,24.88
129,bushnell backtrack personal locator tech gray,handheld gps,bushnell,,49.99
130,kensington virtuoso ipad stylus and pen,mp3 accessories,kensington,k39304us,17.54
176,iosafe rugged 750gb usb 3.0 portable external hard drive,hard drives,iosafe,pa70750u1yr,139.98
186,fellowes 55-piece computer maintenance tool kit,electronics - general,fellowes,49106,43.88
228,comprehensive high density15-pin vga male metal connector with hood set of 25,tv accessories,comprehensive,hd15p,69.0
270,avery economy weight sheet protectors 100ct,stationery & office machinery,avery,75537,11.52
283,tribeca varsity jacket silicone case for ipod touch university of florida,mp3 accessories,tribeca,fva3615,18.9
291,belkin mini cd drive cleaning kit,electronics - general,belkin,f8e648,7.82
321,midland avp-h1 motorcycle microphone speakers for gmrs frs radios,walkie-talkie/frs,midland,avp-h1,34.79
325,blue crane nbc118 introduction to the canon xs 1000d andxsi 450d dvd,camera and camcorder accessories,norazza,nbc118,19.0
355,jwin mega bass pro headphones,electronics - general,jwin,ihp605blk,37.88
378,maxell 631012 blu-ray disc 15 pk,mp3 accessories,maxell,631012,61.88
382,casio exilim ex-zs5 14.1 mp digital camera silver w 5x optical zoom 2.7 lcd display,digital cameras,casio,,100.0
395,avery 8691 cd dvd and jewel case spine label,stationery & office machinery,avery,8691,27.54
412,ooma bluetooth adapter,electronics - general,ooma,1000300100,29.99
417,da-lite da-plex standard rear projection screen - 60 x 80 video format,electronics - general,da-lite,27544,2931.99
418,da-lite matte white designer model b with fabric case in frost gray - 84 x 84 av format,electronics - general,da-lite,73139,222.99
455,wanderlei silva mouse pad,mice,wincraft,15042010,18.99
510,tripp lite 10 usb 2.0 a to micro-usb b device cable,electronics - general,tripp lite,u050-010,6.88
570,startech 70 coaxial high resolution monitor vga cable,electronics - general,startech,mxt101mmhq70,49.0
584,iogear solar bluetooth caller announce hands-free car kit,electronics - general,iogear,gbhfk331,41.88
635,nikon coolpix p500 12.1 mp black digital camera 4-144mm zoom nikkor lens 3 lcd display hd video w 50 bonus prints,digital cameras,nikon,26256,389.44
652,startech 6 rj-45 to db9 cisco console management router cable,electronics - general,startech,db9concabl6,19.0
665,da-lite video spectra 1.5 model b manual screen with csr - 69 x 92 video format,electronics - general,da-lite,85322,429.99
668,wintec value 4gb 2 x 2gb ddr2 pc2-6400 memory upgrade kit for laptops,memory,vivitar,3vt8005s9-4gku,65.0
699,avery file folder labels on mini-sheets 3-7 16 x 2 3 300 pack,stationery & office machinery,avery,2180,9.21
786,da-lite video spectra 1.5 model c with csr manual screen - 58 x 104 hdtv format,electronics - general,da-lite,82980,736.99
813,draper glass beaded paragon electric screen - av format 20 x 20,electronics - general,draper,114084,3794.5
857,trendnet tew-690ap wireless n access point,networking,trendnet,tew-690ap,139.82
863,coolmax hd-389-u2 3.5 sata external enclosure with usb 2.0 port,electronics - general,coolmax,15333,17.84
869,sylvania sdvd7027 7 portable dvd player black,dvd players,sylvania,sdvd7027-black,59.0
880,samsill altego 15.6 sleeve pink,electronics - general,samsill,36023samsill,25.0
894,solo cup company guildware heavyweight plastic teaspoons 1000ct,house wares,solo,gbx7tw,79.97
898,tp-link tl-sc3171g wireless day night surveillance camera,garden - general,tp link,tl-sc3171g,172.0
901,level tv wall mount full-motion mount for 10-30 flat-panel tvs dc30t,tv accessories,level mount,dc30t,35.0
913,kensington 15.4 classic nylon laptop sleeve black,electronics - general,kensington,k62562us,20.88
932,da-lite dual vision tensioned cosmopolitan electrol - av format 10 x 10 diagonal,electronics - general,da-lite,84992,2735.99
937,allsop clingo universal vent mount,electronics - general,allsop,30329,19.99
951,draper hidef grey premier electric screen premier 132 widescreen hidef grey - widescreen 132 diagonal,electronics - general,draper,101282,1799.45
952,draper m1300 signature series v electric screen - ntsc 11 diagonal,electronics - general,draper,100321,3600.0
1001,motorola flipout mb511 black unlocked,electronics - general,motorola,mb511,219.0
1002,lenovo matte black 15.6 thinkpad edge e520 laptop pc with intel i3-2310 processor and windows 7 professional,laptop computers,lenovo,11433bu,548.0
1009,buffalo technology mediastation 6x blu-ray writer,electronics - general,buffalo technology,brpx68u2bk,164.82
1082,bic grip roller pen 0.7 mm blue 1-dozen,stationery & office machinery,bic,gre11-blu,10.99
1083,discgear 50-disc browser black gray,electronics - general,discgear,4310-01,37.88
1092,ocz technology vertex 2 60gb 2.5 sata ii solid state drive,hard drives,ocz technologies,oczssd22vtxe60g,119.98
1095,motorola xoom power supply,laptop computers,motorola,89452n,14.88
1104,tomtom one carry case,gps,tomtom,9n00 .181,19.96
1125,bracketron org-332-bx back-it ipad 2 back cover-blue back case cover for ipad 3,electronics - general,bracketron,org-332-bx,29.88
1137,cooler master hyper tx 3 with intel amd support,electronics - general,coolermaster,rr-910-htx3-g1,19.99
1138,griffin technology powerjolt plus mobile,electronics - general,griffin technology,gc23073,29.99
1184,human toolz 3-in-1 laptop pad galaxy red,electronics - general,human toolz,3n1ngr,9.88
1199,adesso wkb-3100ub wireless keyboard,electronics - general,adesso,wkb-3100ub,56.88
1287,quartet tack write monthly calendar board black,stationery & office machinery,quartet,ct1711,31.5
1291,peerless slimline universal ultra slim tilt mount for 22 to 40 ultra thin screens weighing up to 60 lb,furniture,peerless,,143.99
1327,draper matte white baronet electric screen - av format 60 x 60,electronics - general,draper,129002,423.8
1377,office star products 93 series leather visitors chair with loop arms black,furniture,office star,,179.49
1392,disney toy story aliens alarm clock radio,toys - learning systems,disney,ts390acr,18.0
1407,startech.com scsi22 cable,electronics - general,startech,,16.82
1454,lexmark x644a11a black toner print cartridge,stationery & office machinery,lexmark,x644a11a,326.24
1469,whistler rlc-360 gps module,electronics - general,whistler,rlc-360,62.88
1480,fellowes split design keyboard w microban protection,electronics - general,fellowes,98915,40.84
1493,energizer zero mercury 357 battery 3pk .,electronics - general,energizer,962266,0.0
1515,targus 17 blacktop 17e deluxe laptop case w dome protection cpt401dus,electronics - general,targus,cpt401dus,67.88
1549,comprehensive 1 4 standard phone plug to 3-pin xlr jack set of 10,tv accessories,comprehensive,spp-xlrj,79.9
1553,elite electric120v screens spectrum electrol projection screen,electronics - general,elite screens,electric120v,189.0
1555,draper irus rear projection screen with system 200 black frame - 67 diagonal ntsc format,electronics - general,draper,125109,1972.5
1619,scosche dual 12v power socket,automotive - general,scosche,iu2ps,14.88
1642,ge designer rocker switch white,electronics - general,general electric,50726,0.0
1717,tops daily attendance card 8-1 2 x 11 50 forms,stationery & office machinery,,3284,8.86
1727,hp touchpad - touchstone charging dock stand,electronics - general,hp,,35.0
1730,maxell multi-colored slim cd dvd clamshells - 20 pack,electronics - general,maxell,cd-355,5.88
1838,quartet dry erase tile 5.5,stationery & office machinery,quartet,48111,3.97
1856,bic ultra round stic grip ball pen green 1-dozen 3-pack,electronics - general,,,6.75
1878,audiovox xmp3hp headphone with built in antenna for pioneer xmp3,electronics - general,audiovox,xmp3hp,54.88
1880,rubbermaid commercial square gray brute lid,storage,rubbermaid commercial,352700gy,16.49
1892,lenovo gray 15.6 ideapad y560-064652yu laptop pc with intel core i5-460m processor windows 7 home premium,laptop computers,lenovo,064652u,788.0
2043,philips 6 hdmi ethernet cable,tv accessories,philips,swv3481s/17,27.0
2068,draper diamondscreen rear projection screen with system 400 black frame - 160 diagonal ntsc format,electronics - general,draper,127149,30515.5
2186,sabrent sbt-cps2 usb to dual ps 2 converter cable,electronics - general,sabrent,sbt-cps2,4.88
2195,memorex 4x rewritable dvd-rw - 5 pack slim jewel case,mp3 accessories,memorex,3202-5745,8.88
2206,canon eos digital rebel xs black 10.1 mp digital slr 18-55-is lens and 2.5 tripod value bundle,digital cameras,canon,,639.0
2231,jwin caf nites in-ear earphones pink,electronics - general,iluv,iep222pnk,9.88
2232,roocase 3-in-1 kit - wood grain design tpu skin case for ipad 2,electronics - general,roocase,218462,27.99
2260,panasonic kx-tga6645b dect 6.0 plus expandable digital cordless answering system with 5 handsets,electronics - general,panasonic,kx-tg6645b,150.0
2280,draper matte white ultimate access series e electric screen - ntsc 15 diagonal,electronics - general,draper,119019,2493.95
2297,da-lite medium oak veneer model b manual screen with matte white fabric - 60 x 60 diagonal video format,electronics - general,da-lite,73171,167.99
2298,kodak adventure camera camcorder accessory kit includes grippable tripod hard case neck strap 4gb memory card compatible with playsport and other cameras .,photography - general,kodak,1913300,29.0
2322,gear head wireless optical tilt-wheel mouse red,mice,gear head,mpt3200red,19.88
2363,da-lite high power designer contour manual screen with csr - 50 x 67 video format,electronics - general,da-lite,92290,512.99
2412,lexmark x651h11a high-yield toner 25000 page-yield black,printers,lexmark,x651h11a,565.2
2417,draper diamondscreen rear projection screen with system 200 black frame - 150 diagonal ntsc format,electronics - general,draper,127134,28527.7
2464,philips 10-outlet 2500j surge protector,electronics - general,philips,spp4101b/17,0.0
2471,da-lite da-plex thru-the-wall rear projection screen - 78 x 139 hdtv format,electronics - general,da-lite,23077,11385.99
2494,draper matte white rolleramic electric screen - av format 18 x 18,electronics - general,draper,115018,2898.2
2532,draper cineflex cineperm fixed frame screen - 7 6 diagonal ntsc format,electronics - general,draper,251013,416.7
